nct_id,pmid,pubmed_year,pubmed_journal,pubmed_title
NCT01360866,37656180,2023,The Journal of clinical psychiatry,Changes in Metabolic Parameters and Body Weight in Patients With Prediabetes Treated With Adjunctive Brexpiprazole for Major Depressive Disorder: Pooled Analysis of Short- and Long-Term Clinical Studies.
NCT01360866,31577867,2019,The Journal of clinical psychiatry,Changes in Metabolic Parameters and Body Weight in Patients With Major Depressive Disorder Treated With Adjunctive Brexpiprazole: Pooled Analysis of Phase 3 Clinical Studies.
NCT00245557,26891040,2016,International journal of geriatric psychiatry,Brain levels of high-energy phosphate metabolites and executive function in geriatric depression.
NCT03414931,35023557,2022,The international journal of neuropsychopharmacology,"Effects of Sodium Benzoate, a D-Amino Acid Oxidase Inhibitor, on Perceived Stress and Cognitive Function Among Patients With Late-Life Depression: A Randomized, Double-Blind, Sertraline- and Placebo-Controlled Trial."
NCT04094870,35803896,2022,Journal of the International AIDS Society,Interpersonal therapy versus antidepressant medication for treatment of postpartum depression and anxiety among women with HIV in Zambia: a randomized feasibility trial.
NCT01032434,23994660,2013,Progress in neuro-psychopharmacology & biological psychiatry,"Sertraline and rapid eye movement sleep without atonia: an 8-week, open-label study of depressed patients."
NCT00406952,22541039,2012,Biological psychiatry,Vocal acoustic biomarkers of depression severity and treatment response.
NCT00086138,20087081,2010,The American journal of geriatric psychiatry : official journal of the American Association for Geriatric Psychiatry,Sertraline for the treatment of depression in Alzheimer disease.
NCT00086138,20672243,2011,International journal of geriatric psychiatry,Do treatment effects vary among differing baseline depression criteria in depression in Alzheimer's disease study ± 2 (DIADS-2)?
NCT00086138,17068314,2006,The American journal of geriatric psychiatry : official journal of the American Association for Geriatric Psychiatry,Design of Depression in Alzheimer's Disease Study-2.
NCT01032018,23471421,2013,JAMA internal medicine,"Centralized, stepped, patient preference-based treatment for patients with post-acute coronary syndrome depression: CODIACS vanguard randomized controlled trial."
NCT00375843,11772700,2002,The American journal of psychiatry,Changes in brain function of depressed subjects during treatment with placebo.
NCT00375843,12062912,2002,Neuropsychopharmacology : official publication of the American College of Neuropsychopharmacology,Early changes in prefrontal activity characterize clinical responders to antidepressants.
NCT02417064,38557430,2024,CNS spectrums,Effects of esketamine nasal spray on depressive symptom severity in adults with treatment-resistant depression and associations between the Montgomery-Åsberg Depression Rating Scale and the 9-item Patient Health Questionnaire.
NCT02417064,37019044,2023,Psychiatry research,Predictors of response and remission in patients with treatment-resistant depression: A post hoc pooled analysis of two acute trials of esketamine nasal spray.
NCT02417064,36273682,2023,Journal of affective disorders,Intranasal esketamine effectively treats treatment-resistant depression in adults regardless of baseline irritability.
NCT02417064,35022754,2022,The international journal of neuropsychopharmacology,Relationship Between Dissociation and Antidepressant Effects of Esketamine Nasal Spray in Patients With Treatment-Resistant Depression.
NCT02417064,34973081,2022,Archives of women's mental health,"Efficacy and safety of esketamine nasal spray by sex in patients with treatment-resistant depression: findings from short-term randomized, controlled trials."
NCT02417064,34510411,2021,The Cochrane database of systematic reviews,Ketamine and other glutamate receptor modulators for depression in adults with unipolar major depressive disorder.
NCT02417064,34288609,2021,The Journal of clinical psychiatry,Treatment Response With Esketamine Nasal Spray Plus an Oral Antidepressant in Patients With Treatment-Resistant Depression Without Evidence of Early Response: A Pooled Post Hoc Analysis of the TRANSFORM Studies.
NCT02417064,34235612,2021,CNS drugs,"Effect of Esketamine Nasal Spray on Olfactory Function and Nasal Tolerability in Patients with Treatment-Resistant Depression: Results from Four Multicenter, Randomized, Double-Blind, Placebo-Controlled, Phase III Studies."
NCT02417064,33128208,2021,Clinical pharmacokinetics,Population Pharmacokinetics of Esketamine Nasal Spray and its Metabolite Noresketamine in Healthy Subjects and Patients with Treatment-Resistant Depression.
NCT02417064,32860422,2021,Clinical pharmacology and therapeutics,Benefit-Risk Assessment of Esketamine Nasal Spray vs. Placebo in Treatment-Resistant Depression.
NCT02417064,32367114,2020,The international journal of neuropsychopharmacology,Effects of Mu-Opiate Receptor Gene Polymorphism rs1799971 (A118G) on the Antidepressant and Dissociation Responses in Esketamine Nasal Spray Clinical Trials.
NCT02417064,31290965,2019,The international journal of neuropsychopharmacology,"Efficacy and Safety of Fixed-Dose Esketamine Nasal Spray Combined With a New Oral Antidepressant in Treatment-Resistant Depression: Results of a Randomized, Double-Blind, Active-Controlled Study (TRANSFORM-1)."
NCT01569685,27825327,2016,BMC psychiatry,Treatment of trauma-affected refugees with venlafaxine versus sertraline combined with psychotherapy - a randomised study.
NCT01569685,23663588,2013,Trials,Treatment of traumatized refugees with sertraline versus venlafaxine in combination with psychotherapy - study protocol for a randomized clinical trial.
NCT00026637,33860531,2021,The Cochrane database of systematic reviews,Antidepressants for people with epilepsy and depression.
NCT01427608,37258617,2023,Molecular psychiatry,Effects of antipsychotic medication on functional connectivity in major depressive disorder with psychotic features.
NCT01427608,37149056,2023,Journal of affective disorders,The relationship of white matter microstructure with psychomotor disturbance and relapse in remitted psychotic depression.
NCT01427608,36535116,2023,Journal of psychiatric research,Predictors of relapse of psychotic depression: Findings from the STOP-PD II randomized clinical trial.
NCT01427608,32101271,2020,JAMA psychiatry,Effects of Antipsychotic Medication on Brain Structure in Patients With Major Depressive Disorder and Psychotic Features: Neuroimaging Findings in the Context of a Randomized Placebo-Controlled Clinical Trial.
NCT01427608,31429896,2019,JAMA,Effect of Continuing Olanzapine vs Placebo on Relapse Among Patients With Psychotic Depression in Remission: The STOP-PD II Randomized Clinical Trial.
NCT01427608,31207561,2019,Journal of affective disorders,Health-related quality of life in remitted psychotic depression
NCT01427608,23351522,2013,BMC psychiatry,"Sustaining remission of psychotic depression: rationale, design and methodology of STOP-PD II."
NCT00158990,17548749,2007,Archives of general psychiatry,"Combined treatment with sertraline and liothyronine in major depression: a randomized, double-blind, placebo-controlled trial."
NCT02418585,41245530,2025,EClinicalMedicine,Efficacy of intranasal esketamine versus rTMS for treatment-resistant depression: analysis of individual participant data from two clinical trials.
NCT02418585,38557430,2024,CNS spectrums,Effects of esketamine nasal spray on depressive symptom severity in adults with treatment-resistant depression and associations between the Montgomery-Åsberg Depression Rating Scale and the 9-item Patient Health Questionnaire.
NCT02418585,37158911,2023,Health and quality of life outcomes,Assessment of health-related quality of life and health status in patients with treatment-resistant depression treated with esketamine nasal spray plus an oral antidepressant.
NCT02418585,37019044,2023,Psychiatry research,Predictors of response and remission in patients with treatment-resistant depression: A post hoc pooled analysis of two acute trials of esketamine nasal spray.
NCT02418585,36273682,2023,Journal of affective disorders,Intranasal esketamine effectively treats treatment-resistant depression in adults regardless of baseline irritability.
NCT02418585,35441931,2022,CNS drugs,Evaluation of Individual Items of the Patient Health Questionnaire (PHQ-9) and Montgomery-Asberg Depression Rating Scale (MADRS) in Adults with Treatment-Resistant Depression Treated with Esketamine Nasal Spray Combined with a New Oral Antidepressant.
NCT02418585,35022754,2022,The international journal of neuropsychopharmacology,Relationship Between Dissociation and Antidepressant Effects of Esketamine Nasal Spray in Patients With Treatment-Resistant Depression.
NCT02418585,34973081,2022,Archives of women's mental health,"Efficacy and safety of esketamine nasal spray by sex in patients with treatment-resistant depression: findings from short-term randomized, controlled trials."
NCT02418585,34510411,2021,The Cochrane database of systematic reviews,Ketamine and other glutamate receptor modulators for depression in adults with unipolar major depressive disorder.
NCT02418585,34293233,2021,Depression and anxiety,The effect of esketamine in patients with treatment-resistant depression with and without comorbid anxiety symptoms or disorder.
NCT02418585,34288609,2021,The Journal of clinical psychiatry,Treatment Response With Esketamine Nasal Spray Plus an Oral Antidepressant in Patients With Treatment-Resistant Depression Without Evidence of Early Response: A Pooled Post Hoc Analysis of the TRANSFORM Studies.
NCT02418585,34235612,2021,CNS drugs,"Effect of Esketamine Nasal Spray on Olfactory Function and Nasal Tolerability in Patients with Treatment-Resistant Depression: Results from Four Multicenter, Randomized, Double-Blind, Placebo-Controlled, Phase III Studies."
NCT02418585,33128208,2021,Clinical pharmacokinetics,Population Pharmacokinetics of Esketamine Nasal Spray and its Metabolite Noresketamine in Healthy Subjects and Patients with Treatment-Resistant Depression.
NCT02418585,32860422,2021,Clinical pharmacology and therapeutics,Benefit-Risk Assessment of Esketamine Nasal Spray vs. Placebo in Treatment-Resistant Depression.
NCT02418585,32367114,2020,The international journal of neuropsychopharmacology,Effects of Mu-Opiate Receptor Gene Polymorphism rs1799971 (A118G) on the Antidepressant and Dissociation Responses in Esketamine Nasal Spray Clinical Trials.
NCT02418585,31109201,2019,The American journal of psychiatry,Efficacy and Safety of Flexibly Dosed Esketamine Nasal Spray Combined With a Newly Initiated Oral Antidepressant in Treatment-Resistant Depression: A Randomized Double-Blind Active-Controlled Study.
NCT01033084,20854930,2011,Contemporary clinical trials,"Sertraline vs. ELectrical Current Therapy for Treating Depression Clinical Trial--SELECT TDCS: design, rationale and objectives."
NCT01033084,23759172,2013,The international journal of neuropsychopharmacology,Heart rate variability is a trait marker of major depressive disorder: evidence from the sertraline vs. electric current therapy to treat depression clinical study.
NCT01033084,23389323,2013,JAMA psychiatry,"The sertraline vs. electrical current therapy for treating depression clinical study: results from a factorial, randomized, controlled trial."
NCT00612807,2378693,1990,Psychology and aging,Retrospective assessment of marital adjustment and depression during the first 2 years of spousal bereavement.
NCT00612807,1550090,1992,American journal of epidemiology,Social support and depressive symptoms in the elderly.
NCT00612807,8749590,1995,Psychology and aging,Depressive symptoms across older spouses and the moderating effect of marital closeness.
NCT00612807,10439302,1999,Harvard review of psychiatry,Pharmacological and psychological treatments for depressed older patients: a meta-analysis and overview of recent findings.
NCT00612807,6829547,1983,American journal of epidemiology,Prevalence of depression and its correlates in older adults.
NCT00612807,3942473,1986,Archives of general psychiatry,Cognitive therapy and pharmacotherapy for depression. Sustained improvement over one year.
NCT00612807,2647712,1989,The Journal of clinical psychiatry,Current status of antidepressants: clinical pharmacology and therapy.
NCT00612807,8034832,1994,Journal of consulting and clinical psychology,Efficacy of psychosocial treatments for geriatric depression: a quantitative review.
NCT00612807,9366657,1997,Archives of general psychiatry,Treatment of major depression with psychotherapy or psychotherapy-pharmacotherapy combinations.
NCT00612807,9892449,1999,JAMA,Nortriptyline and interpersonal psychotherapy as maintenance therapies for recurrent major depression: a randomized controlled trial in patients older than 59 years.
NCT00612807,7264067,1981,Journal of abnormal psychology,Social support and psychological distress: a longitudinal analysis.
NCT00612807,2590779,1989,The British journal of psychiatry : the journal of mental science,Social support and the outcome of major depression.
NCT00612807,8046584,1994,Journal of personality and social psychology,"The influence of age and gender on affect, physiology, and their interrelations: a study of long-term marriages."
NCT00612807,2647802,1989,Journal of consulting and clinical psychology,"Marital therapy and spouse involvement in the treatment of depression, agoraphobia, and alcoholism."
NCT00612807,1918559,1991,Journal of consulting and clinical psychology,Marital therapy as a treatment for depression.
NCT00612807,8326054,1993,Journal of consulting and clinical psychology,Couple therapy as a treatment for depression: II. The effects of relationship quality and therapy on depressive relapse.
NCT00612807,2301656,1990,The American journal of psychiatry,Marital therapy: a viable treatment for depression and marital discord.
NCT00612807,11026946,2000,The British journal of psychiatry : the journal of mental science,The London Depression Intervention Trial. Randomised controlled trial of antidepressants v. couple therapy in the treatment and maintenance of people with depression living with a partner: clinical outcome and costs.
NCT00612807,10780137,2000,Journal of consulting and clinical psychology,"Integrative behavioral couple therapy: an acceptance-based, promising new treatment for couple discord."
NCT00021528,14677083,2003,Pharmacopsychiatry,Algorithms for optimizing the treatment of depression: making the right decision at the right time.
NCT00021528,12778843,2003,The Psychiatric clinics of North America,Background and rationale for the sequenced treatment alternatives to relieve depression (STAR*D) study.
NCT00021528,12562566,2003,The American journal of psychiatry,"Depression, IV: STAR*D treatment trial for depression."
NCT00021528,11720698,2001,Biological psychiatry,Strengthening clinical effectiveness trials: equipoise-stratified randomization.
NCT00021528,15061154,2004,Controlled clinical trials,Sequenced treatment alternatives to relieve depression (STAR*D): rationale and design.
NCT00021528,15003429,2004,Journal of psychiatric research,Methods of testing feasibility for sequenced treatment alternatives to relieve depression (STAR*D).
NCT00021528,16279277,2004,"Clinical trials (London, England)",Web-based communications and management of a multi-center clinical trial: the Sequenced Treatment Alternatives to Relieve Depression (STAR*D) project.
NCT00021528,15458854,2004,Journal of psychiatric research,Suicide risk management for the sequenced treatment alternatives to relieve depression study: applied NIMH guidelines.
NCT00021528,15567207,2004,General hospital psychiatry,Clinical features of depressed outpatients with and without co-occurring general medical conditions in STAR*D.
NCT00021528,15697056,2004,Psychological medicine,Clinical correlates and symptom patterns of anxious depression among patients with major depressive disorder in STAR*D.
NCT00021528,15590040,2004,Psychiatry research,Factors that differentiate early vs. later onset of major depression disorder.
NCT00021528,15723023,2005,Comprehensive psychiatry,Substance use disorder comorbidity in major depressive disorder: an exploratory analysis of the Sequenced Treatment Alternatives to Relieve Depression cohort.
NCT00021528,15705000,2005,The Journal of clinical psychiatry,Prevalence and clinical correlates of irritability in major depressive disorder: a preliminary report from the Sequenced Treatment Alternatives to Relieve Depression study.
NCT00021528,15837455,2005,Contemporary clinical trials,Quality improvement methods as applied to a multicenter effectiveness trial--STAR*D.
NCT00021528,15763119,2005,General hospital psychiatry,A direct comparison of presenting characteristics of depressed outpatients from primary vs. specialty care settings: preliminary findings from the STAR*D clinical trial.
NCT00021528,15918345,2005,Psychological medicine,Self-reported premenstrual exacerbation of depressive symptoms in patients seeking treatment for major depression.
NCT00021528,15894381,2005,Journal of affective disorders,Comorbid psychiatric disorders in depressed outpatients: demographic and clinical features.
NCT00021528,15982748,2005,Journal of affective disorders,Gender differences in depression: findings from the STAR*D study.
NCT00021528,16088018,2005,"Psychiatric services (Washington, D.C.)",Characteristics of insured and noninsured outpatients with depression in STAR(*)D.
NCT00021528,16086615,2005,The Journal of clinical psychiatry,Clinical and demographic features of atypical depression in outpatients with major depressive disorder: preliminary findings from STAR*D.
NCT00021528,16223963,2005,The American journal of geriatric psychiatry : official journal of the American Association for Geriatric Psychiatry,Age-related characteristics of depression: a preliminary STAR*D report.
NCT00021528,16279871,2005,Acta psychiatrica Scandinavica,Factors associated with chronic depressive episodes: a preliminary report from the STAR-D project.
NCT00021528,16243357,2006,Journal of psychiatric research,Presenting characteristics of depressed outpatients as a function of recurrence: preliminary findings from the STAR*D clinical trial.
NCT00021528,16199008,2006,Biological psychiatry,An evaluation of the quick inventory of depressive symptomatology and the hamilton rating scale for depression: a sequenced treatment alternatives to relieve depression trial report.
NCT00021528,16867922,2006,The American journal on addictions,Substance use disorder comorbidity in major depressive disorder: a confirmatory analysis of the STAR*D cohort.
NCT00021528,16390886,2006,The American journal of psychiatry,Evaluation of outcomes with citalopram for depression using measurement-based care in STAR*D: implications for clinical practice.
NCT00021528,16426099,2006,The Journal of clinical psychiatry,Children of currently depressed mothers: a STAR*D ancillary study.
NCT00021528,16566612,2006,The Journal of clinical psychiatry,Factors associated with health-related quality of life among outpatients with major depressive disorder: a STAR*D report.
NCT00021528,16554525,2006,The New England journal of medicine,"Bupropion-SR, sertraline, or venlafaxine-XR after failure of SSRIs for depression."
NCT00021528,16551710,2006,JAMA,Remissions in maternal depression and child psychopathology: a STAR*D-child report.
NCT00021528,16554526,2006,The New England journal of medicine,Medication augmentation after the failure of SSRIs for depression.
NCT00021528,16816220,2006,The American journal of psychiatry,A comparison of mirtazapine and nortriptyline following two consecutive failed medication treatments for depressed outpatients: a STAR*D report.
NCT00021528,16946177,2006,The American journal of psychiatry,Tranylcypromine versus venlafaxine plus mirtazapine following three failed antidepressant medication trials for depression: a STAR*D report.
NCT00021528,16946176,2006,The American journal of psychiatry,A comparison of lithium and T(3) augmentation following two failed medication treatments for depression: a STAR*D report.
NCT00021528,17074942,2006,The American journal of psychiatry,Acute and longer-term outcomes in depressed outpatients requiring one or several treatment steps: a STAR*D report.
NCT00021528,16642436,2006,American journal of human genetics,Variation in the gene encoding the serotonin 2A receptor is associated with outcome of antidepressant treatment.
NCT00021528,16457894,2006,Psychiatry research,Enrolling research subjects from clinical practice: ethical and procedural issues in the Sequenced Treatment Alternatives to Relieve Depression (STAR*D) trial.
NCT00021528,16754414,2006,Annals of clinical psychiatry : official journal of the American Academy of Clinical Psychiatrists,Clinical and demographic factors associated with DSM-IV melancholic depression.
NCT00021528,16566901,2006,Biological psychiatry,Prevention of missing data in clinical research studies.
NCT00021528,16636629,2006,Psychotherapy and psychosomatics,Current status of augmentation and combination treatments for major depressive disorder: a literature review and a proposal for a novel approach to improve practice.
NCT00021528,16690084,2007,Journal of psychiatric research,Family history of mood disorder and characteristics of major depressive disorder: a STAR*D (sequenced treatment alternatives to relieve depression) study.
NCT00021528,16824617,2007,Journal of affective disorders,Clinical differences among depressed patients with and without a history of suicide attempts: findings from the STAR*D trial.
NCT00021528,17195602,2006,Canadian journal of psychiatry. Revue canadienne de psychiatrie,What clinical and symptom features and comorbid disorders characterize outpatients with anxious major depressive disorder: a replication and extension.
NCT00021528,17091129,2007,Neuropsychopharmacology : official publication of the American College of Neuropsychopharmacology,Methodological challenges in constructing effective treatment sequences for chronic psychiatric disorders.
NCT00021528,17302619,2007,Acta psychiatrica Scandinavica,Preadult onset vs. adult onset of major depressive disorder: a replication study.
NCT00021528,37967350,2023,The Journal of clinical psychiatry,Machine Learning Prediction of Quality of Life Improvement During Antidepressant Treatment of Patients With Major Depressive Disorder: A STAR*D and CAN-BIND-1 Report.
NCT00021528,37528149,2023,Scientific reports,Exome-wide association study of treatment-resistant depression suggests novel treatment targets.
NCT00021528,36584711,2023,Journal of affective disorders,Temporal multi-step predictive modeling of remission in major depressive disorder using early stage treatment data; STAR*D based machine learning approach.
NCT00021528,34855649,2022,International clinical psychopharmacology,Social withdrawal as a trans-diagnostic predictor of short-term remission: a meta-analysis of five clinical cohorts.
NCT00021528,34844152,2022,European neuropsychopharmacology : the journal of the European College of Neuropsychopharmacology,"A meta-analysis of polygenic risk scores for mood disorders, neuroticism, and schizophrenia in antidepressant response."
NCT00021528,33794315,2021,"Brain, behavior, and immunity",Polygenic risk for immuno-metabolic markers and specific depressive symptoms: A multi-sample network analysis study.
NCT00021528,32780949,2020,The Journal of clinical psychiatry,What to Expect When Switching to a Second Antidepressant Medication Following an Ineffective Initial SSRI: A Report From the Randomized Clinical STAR*D Study.
NCT00021528,31836507,2020,Progress in neuro-psychopharmacology & biological psychiatry,Social dysfunction in mood disorders and schizophrenia: Clinical modulators in four independent samples.
NCT00021528,31740109,2020,Journal of affective disorders,Impact of age at onset on the phenomenology of depression in treatment-seeking adults in the STAR*D trial.
NCT00021528,31499373,2020,Journal of affective disorders,Focusing on insomnia symptoms to better understand depression: A STAR*D report.
NCT00021528,31222720,2019,Biometrics,Model selection for G-estimation of dynamic treatment regimes.
NCT00021528,30824246,2019,Behavior therapy,A Propensity Score Analysis of Homework Adherence-Outcome Relations in Cognitive Behavioral Therapy for Depression.
NCT00021528,30468137,2019,The British journal of psychiatry : the journal of mental science,Genome-wide association study of treatment-resistance in depression and meta-analysis of three independent samples.
NCT00021528,30135031,2018,European neuropsychopharmacology : the journal of the European College of Neuropsychopharmacology,Effect of cytochrome CYP2C19 metabolizing activity on antidepressant response and side effects: Meta-analysis of data from genome-wide association studies.
NCT00021528,29879133,2018,PloS one,Predictive modeling of treatment resistant depression using data from STAR*D and an independent clinical study.
NCT00021528,29160301,2018,The pharmacogenomics journal,New insights into the pharmacogenomics of antidepressant response from the GENDEP and STAR*D studies: rare variant analysis and high-density imputation.
NCT00021528,28858443,2017,The Journal of clinical psychiatry,"Quality of Life, Functioning, and Depressive Symptom Severity in Older Adults With Major Depressive Disorder Treated With Citalopram in the STAR*D Study."
NCT00021528,28826087,2018,Journal of affective disorders,Quality of life and functioning of Hispanic patients with Major Depressive Disorder before and after treatment.
NCT00021528,28159590,2017,Progress in neuro-psychopharmacology & biological psychiatry,Pharmacogenetics of antidepressant response: A polygenic approach.
NCT00021528,27810720,2017,Journal of affective disorders,The recovery index: A novel approach to measuring recovery and predicting remission in major depressive disorder.
NCT00021528,27763941,2017,Journal of addiction medicine,Analysis of Patient-reported Outcomes of Quality of Life and Functioning Before and After Treatment of Major Depressive Disorder Comorbid With Alcohol Use Disorders.
NCT00021528,27631142,2016,The Journal of clinical psychiatry,Time Course and Predictors of Suicidal Ideation During Citalopram Treatment in the STAR*D Trial.
NCT00021528,27323698,2016,Statistics in medicine,Measuring the individual benefit of a medical or behavioral treatment using generalized linear mixed-effects models.
NCT00021528,27155023,2016,Journal of affective disorders,Treatment outcome variation between depression symptom combinations in the STAR*D study.
NCT00021528,27124715,2016,Journal of abnormal psychology,Additive genetic contribution to symptom dimensions in major depressive disorder.
NCT00021528,27091189,2016,BMC psychiatry,Genome-wide association study of antidepressant response: involvement of the inorganic cation transmembrane transporter activity pathway.
NCT00021528,26995233,2016,Comprehensive psychiatry,Motivational deficits in major depressive disorder: Cross-sectional and longitudinal relationships with functional impairment and subjective well-being.
NCT00021528,26821198,2016,Psychological assessment,Measuring depression over time . . . Or not? Lack of unidimensionality and longitudinal measurement invariance in four common rating scales of depression.
NCT00021528,26803397,2016,The lancet. Psychiatry,Cross-trial prediction of treatment outcome in depression: a machine learning approach.
NCT00021528,26802021,2016,Archives of women's mental health,Changes in depression subtypes for women during treatment with citalopram: a latent transition analysis.
NCT00021528,26771572,2015,Human heredity,A Novel Mixture Model to Estimate the Time to Drug Effect Onset and Its Association with Covariates.
NCT00021528,26717526,2015,The Journal of clinical psychiatry,Prevalence and impact of obsessive-compulsive symptoms in depression: a STAR*D report.
NCT00021528,26624926,2015,Translational psychiatry,Proteasome system dysregulation and treatment resistance mechanisms in major depressive disorder.
NCT00021528,26458184,2016,Journal of affective disorders,What are 'good' depression symptoms? Comparing the centrality of DSM and non-DSM symptoms of depression in a network analysis.
NCT00021528,26384013,2015,Journal of affective disorders,The association between latent depression subtypes and remission after treatment with citalopram: A latent class analysis with distal outcome.
NCT00021528,25934187,2015,Mitochondrion,Increased prevalence of two mitochondrial DNA polymorphisms in functional disease: Are we describing different parts of an energy-depleted elephant?
NCT00021528,25850031,2015,The pharmacogenomics journal,Neuronal cell adhesion genes and antidepressant response in three independent samples.
NCT00021528,25535009,2015,Psychiatry research,The role of the potassium channel gene KCNK2 in major depressive disorder.
NCT00021528,25451401,2015,Journal of affective disorders,Depression is not a consistent syndrome: An investigation of unique symptom patterns in the STAR*D study.
NCT00021528,25043320,2014,Journal of affective disorders,DISC1-TSNAX and DAOA genes in major depression and citalopram efficacy.
NCT00021528,24986638,2015,"Journal of neural transmission (Vienna, Austria : 1996)",A molecular pathway analysis of the glutamatergic-monoaminergic interplay serves to investigate the number of depressive records during citalopram treatment.
NCT00021528,24954156,2015,Acta psychiatrica Scandinavica,Quality of life in major depressive disorder before/after multiple steps of treatment and one-year follow-up.
NCT00021528,24949937,2014,Current medical research and opinion,Impact of fatigue on outcome of selective serotonin reuptake inhibitor treatment: secondary analysis of STAR*D.
NCT00021528,24912106,2014,The Journal of clinical psychiatry,Prognostic subgroups for citalopram response in the STAR*D trial.
NCT00021528,24836083,2014,Journal of affective disorders,"Brief, unidimensional melancholia rating scales are highly sensitive to the effect of citalopram and may have biological validity: implications for the research domain criteria (RDoC)."
NCT00021528,24743720,2014,Journal of clinical psychopharmacology,Baseline difference between patients' and clinicians' rated illness severity scores and subsequent outcomes in major depressive disorder: analysis of the sequenced treatment alternatives to relieve depression data.
NCT00021528,24709691,2014,The pharmacogenomics journal,PPP3CC gene: a putative modulator of antidepressant response through the B-cell receptor signaling pathway.
NCT00021528,24587318,2014,PloS one,The impact of individual depressive symptoms on impairment of psychosocial functioning.
NCT00021528,23886402,2013,Journal of affective disorders,Trajectories of individual symptoms in remitters versus non-remitters with depression.
NCT00021528,23861180,2014,Depression and anxiety,"Patient-reported outcomes of quality of life, functioning, and depressive symptom severity in major depressive disorder comorbid with panic disorder before and after SSRI treatment in the star*d trial."
NCT00021528,23827886,2013,Neuropsychopharmacology : official publication of the American College of Neuropsychopharmacology,"Race, genetic ancestry and response to antidepressant treatment for major depression."
NCT00021528,23800418,2013,Journal of psychiatric research,Clinical features and drug induced side effects in early versus late antidepressant responders.
NCT00021528,23790554,2013,Journal of affective disorders,"Predicting relapse in major depressive disorder using patient-reported outcomes of depressive symptom severity, functioning, and quality of life in the Individual Burden of Illness Index for Depression (IBI-D)."
NCT00021528,23733030,2013,Progress in neuro-psychopharmacology & biological psychiatry,Pharmacogenetics in major depression: a comprehensive meta-analysis.
NCT00021528,23561231,2013,The Journal of clinical psychiatry,Sexual satisfaction and quality of life in major depressive disorder before and after treatment with citalopram in the STAR*D study.
NCT00021528,23558394,2013,The American journal of psychiatry,Increase in work productivity of depressed individuals with improvement in depressive symptom severity.
NCT00021528,23480315,2013,Journal of women's health (2002),The clinical relevance of self-reported premenstrual worsening of depressive symptoms in the management of depressed outpatients: a STAR*D report.
NCT00021528,23442899,2013,Canadian journal of psychiatry. Revue canadienne de psychiatrie,Clinical and sociodemographic characteristics associated with suicidal ideation in depressed outpatients.
NCT00021528,23380715,2013,Biological psychiatry,A clinical risk stratification tool for predicting treatment resistance in major depressive disorder.
NCT00021528,23303512,2013,JAMA psychiatry,"Incorporating multidimensional patient-reported outcomes of symptom severity, functioning, and quality of life in the Individual Burden of Illness Index for Depression to measure treatment impact and recovery in MDD."
NCT00021528,23158458,2013,Biological psychiatry,Multiple regulatory variants modulate expression of 5-hydroxytryptamine 2A receptors in human cortex.
NCT00021528,22933451,2012,Depression and anxiety,Self-report and clinician-rated measures of depression severity: can one replace the other?
NCT00021528,22884879,2013,European neuropsychopharmacology : the journal of the European College of Neuropsychopharmacology,Early antidepressant efficacy modulation by glutamatergic gene variants in the STAR*D.
NCT00021528,22057975,2011,International journal of methods in psychiatric research,Assessing anxious features in depressed outpatients.
NCT00021528,22008447,2012,Psychological medicine,Is prior course of illness relevant to acute or longer-term outcomes in depressed out-patients? A STAR*D report.
NCT00021528,21964277,2011,The Journal of nervous and mental disease,Changes in depressive symptoms and social functioning in the sequenced treatment alternatives to relieve depression study.
NCT00021528,21929846,2012,Psychological medicine,Depression symptom dimensions as predictors of antidepressant treatment outcome: replicable evidence for interest-activity symptoms.
NCT00021528,21518864,2011,Proceedings of the National Academy of Sciences of the United States of America,Antidepressant effects of selective serotonin reuptake inhibitors (SSRIs) are attenuated by antiinflammatory drugs in mice and humans.
NCT00021528,21216475,2011,Psychiatry research,Poor response to antidepressant medication of patients with depression accompanied by somatic symptomatology in the STAR*D Study.
NCT00021528,21114950,2010,The Journal of clinical psychiatry,Recursive subsetting to identify patients in the STAR*D: a method to enhance the accuracy of early prediction of treatment outcome and to inform personalized care.
NCT00021528,20194481,2010,The American journal of psychiatry,Association of mu-opioid receptor variants and response to citalopram treatment in major depressive disorder.
NCT00021528,20010317,2010,Psychiatric genetics,Maternal inheritance in recurrent early-onset depression.
NCT00021528,19945804,2010,Drug and alcohol dependence,Does comorbid substance use disorder impair recovery from major depression with SSRI treatment? An analysis of the STAR*D level one treatment outcomes.
NCT00021528,19493369,2010,Psychological medicine,Painful physical symptoms and treatment outcome in major depressive disorder: a STAR*D (Sequenced Treatment Alternatives to Relieve Depression) report.
NCT00021528,19460188,2010,Psychological medicine,Residual symptoms after remission of major depressive disorder with citalopram and risk of relapse: a STAR*D report.
NCT00021528,19341509,2010,The international journal of neuropsychopharmacology,Do atypical features affect outcome in depressed outpatients treated with citalopram?
NCT00021528,19339358,2009,The American journal of psychiatry,Can phase III trial results of antidepressant medications be generalized to clinical practice? A STAR*D report.
NCT00021528,19192454,2009,The Journal of clinical psychiatry,Family history of depression and therapeutic outcome: findings from STAR*D.
NCT00021528,19026268,2008,The Journal of clinical psychiatry,Response to a selective serotonin reuptake inhibitor (citalopram) in major depressive disorder with melancholic features: a STAR*D report.
NCT00021528,18681756,2008,The Journal of clinical psychiatry,Does the duration of index episode affect the treatment outcome of major depressive disorder? A STAR*D report.
NCT00021528,18678792,2008,Archives of general psychiatry,"Selecting among second-step antidepressant medication monotherapies: predictive value of clinical, demographic, or first-step treatment features."
NCT00021528,18162025,2007,The Journal of clinical psychiatry,Are depressed outpatients with and without a family history of substance use disorder different? A baseline analysis of the STAR*D cohort.
NCT00043550,8916624,1996,Journal of consulting and clinical psychology,The role of avoidance and obsessiveness in matching patients to cognitive and interpersonal psychotherapy: empirical findings from the treatment for depression collaborative research program.
NCT00043550,35913883,2022,"Psychotherapy (Chicago, Ill.)",Therapeutic immediacy in psychodynamic psychotherapy for depression: A mixed-method study.
NCT00043550,30821630,2020,Psychotherapy research : journal of the Society for Psychotherapy Research,Differential effects of alliance and techniques on Panic-Specific Reflective Function and misinterpretation of bodily sensations in two treatments for panic.
NCT00043550,29336228,2019,Psychotherapy research : journal of the Society for Psychotherapy Research,The Multitheoretical List of Therapeutic Interventions - 30 items (MULTI-30).
NCT00043550,28086005,2016,The Journal of clinical psychiatry,Reducing Dropout in Treatment for Depression: Translating Dropout Predictors Into Individualized Treatment Recommendations.
NCT00043550,24176534,2014,Journal of affective disorders,Changes in well-being and quality of life in a randomized trial comparing dynamic psychotherapy and pharmacotherapy for major depressive disorder.
NCT00043550,22152401,2012,The Journal of clinical psychiatry,"Short-term dynamic psychotherapy versus pharmacotherapy for major depressive disorder: a randomized, placebo-controlled trial."
NCT01437189,19002650,2008,Neurological sciences : official journal of the Italian Neurological Society and of the Italian Society of Clinical Neurophysiology,Sertraline in the treatment of depressive disorders in patients with Parkinson's disease.
NCT06357104,31207206,2019,Biochimica et biophysica acta. Biomembranes,Membrane fusogenic high-density lipoprotein nanoparticles.
NCT06357104,34124081,2021,Frontiers in medicine,"Decreased Low-Density Lipoprotein Cholesterol Level Indicates Poor Prognosis of Severe and Critical COVID-19 Patients: A Retrospective, Single-Center Study."
NCT06357104,32428379,2020,The FEBS journal,Understanding SARS-CoV-2 endocytosis for COVID-19 drug repurposing.
NCT06357104,24733016,2014,"Cellular physiology and biochemistry : international journal of experimental cellular physiology, biochemistry, and pharmacology",GABA and topiramate inhibit the formation of human macrophage-derived foam cells by modulating cholesterol-metabolism-associated molecules.
NCT06357104,32364672,2020,Current protocols in neuroscience,Visualizing GABA A Receptor Trafficking Dynamics with Fluorogenic Protein Labeling.
NCT06357104,23789008,2013,Ochsner journal,Benzodiazepine pharmacology and central nervous system-mediated effects.
NCT06357104,21499463,2008,The Libyan journal of medicine,The effect of sympathetic antagonists on the antidepressant action of alprazolam.
NCT06357104,6118165,1981,Atherosclerosis,Alterations of plasma lipid and lipoprotein levels associated with benzodiazepine use--the LRC Program Prevalence Study.
NCT06357104,34386973,2021,British journal of pharmacology,Selective actions of benzodiazepines at the transmembrane anaesthetic binding sites of the GABA
NCT06357104,35916248,2022,International journal of developmental neuroscience : the official journal of the International Society for Developmental Neuroscience,Prenatal effects of alprazolam treatment on the immature cerebellum of rats.
NCT06357104,29767950,2018,ACS chemical biology,Different Benzodiazepines Bind with Distinct Binding Modes to GABA
NCT06357104,19641187,2009,Blood,Eosinophil viability is increased by acidic pH in a cAMP- and GPR65-dependent manner.
NCT06357104,38626245,2020,"Function (Oxford, England)","Endocytic uptake of SARS-CoV-2: the critical roles of pH, Ca"
NCT06357104,36081497,2022,Frontiers in immunology,Roles of mitochondria in neutrophils.
NCT06357104,20375550,2010,Journal of innate immunity,Neutrophil apoptosis: relevance to the innate immune response and inflammatory disease.
NCT06357104,20375558,2010,Journal of innate immunity,Monocytes and macrophages regulate immunity through dynamic networks of survival and cell death.
NCT06357104,34777794,2021,Annals of medicine and surgery (2012),False-positive HIV in a patient with SARS-CoV-2 infection; a case report.
NCT06357104,32642434,2020,IDCases,Falsely positive fourth generation ADVIA Centaur® HIV Antigen/Antibody Combo assay in the presence of autoimmune hepatitis type I (AIH).
NCT01407094,25961712,2015,PloS one,Accounting for Dynamic Fluctuations across Time when Examining fMRI Test-Retest Reliability: Analysis of a Reward Paradigm in the EMBARC Study.
NCT01407094,28983519,2017,Biological psychiatry. Cognitive neuroscience and neuroimaging,Neuroticism and Individual Differences in Neural Function in Unmedicated Major Depression: Findings from the EMBARC Study.
NCT01407094,26183698,2015,The American journal of psychiatry,Moderation of the Relationship Between Reward Expectancy and Prediction Error-Related Ventral Striatal Reactivity by Anhedonia in Unmedicated Major Depressive Disorder: Findings From the EMBARC Study.
NCT01407094,28670629,2017,Contemporary clinical trials communications,Statistical Analysis Plan for Stage 1 EMBARC (Establishing Moderators and Biosignatures of Antidepressant Response for Clinical Care) Study.
NCT01407094,29641834,2018,JAMA psychiatry,Pretreatment Rostral Anterior Cingulate Cortex Theta Activity in Relation to Symptom Improvement in Depression: A Randomized Clinical Trial.
NCT01407094,30110685,2018,Psychotherapy and psychosomatics,A Novel Strategy to Identify Placebo Responders: Prediction Index of Clinical and Biological Markers in the EMBARC Trial.
NCT01407094,27038550,2016,Journal of psychiatric research,Establishing moderators and biosignatures of antidepressant response in clinical care (EMBARC): Rationale and design.
NCT01407094,29689518,2018,Journal of psychiatric research,Characterizing anxiety subtypes and the relationship to behavioral phenotyping in major depression: Results from the EMBARC study.
NCT01407094,30182751,2019,Clinical EEG and neuroscience,Resting EEG Measures of Brain Arousal in a Multisite Study of Major Depression.
NCT01407094,29962359,2019,Psychological medicine,Personalized prediction of antidepressant v. placebo response: evidence from the EMBARC study.
NCT01407094,36586213,2023,Journal of psychiatric research,Data driven clusters derived from resting state functional connectivity: Findings from the EMBARC study.
NCT01407094,34000130,2021,The Journal of clinical psychiatry,"Cross-Sectional Associations Among Symptoms of Pain, Irritability, and Depression and How These Symptoms Relate to Social Functioning and Quality of Life: Findings From the EMBARC and STRIDE Studies and the VitalSign6 Project."
NCT01407094,33038902,2021,Depression and anxiety,Association of anger attacks with suicidal ideation in adults with major depressive disorder: Findings from the EMBARC study.
NCT01407094,32921587,2021,Biological psychiatry. Cognitive neuroscience and neuroimaging,Dorsolateral Prefrontal Cortex and Subcallosal Cingulate Connectivity Show Preferential Antidepressant Response in Major Depressive Disorder.
NCT01407094,32658822,2020,Journal of affective disorders,Improvements in irritability with sertraline versus placebo: Findings from the EMBARC study.
NCT01407094,31895437,2020,JAMA psychiatry,Cortical Connectivity Moderators of Antidepressant vs Placebo Treatment Response in Major Depressive Disorder: Secondary Analysis of a Randomized Clinical Trial.
NCT01407094,31537090,2020,The American journal of psychiatry,Effect of Intrinsic Patterns of Functional Brain Connectivity in Moderating Antidepressant Treatment Response in Major Depression.
NCT01407094,31193824,2019,EClinicalMedicine,Cerebral Blood Perfusion Predicts Response to Sertraline versus Placebo for Major Depressive Disorder in the EMBARC Trial.
NCT01407094,31158720,2019,Journal of affective disorders,Examining raphe-amygdala structural connectivity as a biological predictor of SSRI response.
NCT01407094,30718038,2019,Biological psychiatry,Pretreatment Rostral Anterior Cingulate Cortex Connectivity With Salience Network Predicts Depression Recovery: Findings From the EMBARC Randomized Clinical Trial.
NCT01407094,30699849,2019,Journal of affective disorders,Anxiety and anhedonia in depression: Associations with neuroticism and cognitive control.
NCT02497287,39435126,2024,Frontiers in psychiatry,Estimating the benefit of esketamine nasal spray versus real-world treatment on patient-reported functional remission: results from the ICEBERG study.
NCT02497287,38025433,2023,Frontiers in psychiatry,ICEBERG study: an indirect adjusted comparison estimating the long-term benefit of esketamine nasal spray when compared with routine treatment of treatment resistant depression in general psychiatry.
NCT02497287,38025416,2023,Frontiers in psychiatry,Indirect adjusted comparison of 6-month clinical outcomes between esketamine nasal spray and other real-world polypharmacy treatment strategies for treatment resistant depression: results from the ICEBERG study.
NCT02497287,36525338,2023,The international journal of neuropsychopharmacology,Adverse Events and Measurement of Dissociation After the First Dose of Esketamine in Patients With TRD.
NCT02497287,36149841,2022,The Journal of clinical psychiatry,Longitudinal Course of Adverse Events With Esketamine Nasal Spray: A Post Hoc Analysis of Pooled Data From Phase 3 Trials in Patients With Treatment-Resistant Depression.
NCT02497287,34750057,2022,The American journal of geriatric psychiatry : official journal of the American Association for Geriatric Psychiatry,"Comparison of Long-Term Efficacy and Safety of Esketamine Nasal Spray Plus Oral Antidepressant in Younger Versus Older Patients With Treatment-Resistant Depression: Post-Hoc Analysis of SUSTAIN-2, a Long-Term Open-Label Phase 3 Safety and Efficacy Study."
NCT02497287,32316080,2020,The Journal of clinical psychiatry,"Esketamine Nasal Spray Plus Oral Antidepressant in Patients With Treatment-Resistant Depression: Assessment of Long-Term Safety in a Phase 3, Open-Label Study (SUSTAIN-2)."
NCT02497287,32270176,2020,The international journal of neuropsychopharmacology,Managing Esketamine Treatment Frequency Toward Successful Outcomes: Analysis of Phase 3 Data.
NCT00004554,20231324,2010,The American journal of psychiatry,"A double-blind, placebo-controlled trial combining sertraline and naltrexone for treating co-occurring depression and alcohol dependence."
NCT04476030,37875578,2024,Neuropsychopharmacology : official publication of the American College of Neuropsychopharmacology,Efficacy and safety of zuranolone co-initiated with an antidepressant in adults with major depressive disorder: results from the phase 3 CORAL study.
NCT00946998,23085503,2013,Contemporary clinical trials,Rationale and design of the Chronic Kidney Disease Antidepressant Sertraline Trial (CAST).
NCT00946998,29101402,2017,JAMA,Effect of Sertraline on Depressive Symptoms in Patients With Chronic Kidney Disease Without Dialysis Dependence: The CAST Randomized Clinical Trial.
NCT00946998,35368605,2020,Kidney360,Depression and the Effect of Sertraline on Inflammatory Biomarkers in Patients with Nondialysis CKD.
NCT00946998,31664940,2019,BMC nephrology,Association of platelet function with depression and its treatment with sertraline in patients with chronic kidney disease: analysis of a randomized trial.
NCT00009191,11007727,2000,The American journal of psychiatry,"Randomized, placebo-controlled, double-blind clinical trial of sertraline in the treatment of depression complicating Alzheimer's disease: initial results from the Depression in Alzheimer's Disease study."
NCT00080158,19730274,2009,Journal of the American Academy of Child and Adolescent Psychiatry,The Treatment of Adolescent Suicide Attempters study (TASA): predictors of suicidal events in an open treatment trial.
NCT00080158,19730273,2009,Journal of the American Academy of Child and Adolescent Psychiatry,"Cognitive-behavioral therapy for suicide prevention (CBT-SP): treatment model, feasibility, and acceptability."
NCT00056472,34875106,2021,The Cochrane database of systematic reviews,Pharmacological treatment for psychotic depression.
NCT00056472,29959765,2018,Acta psychiatrica Scandinavica,Stabilization treatment of remitted psychotic depression: the STOP-PD study.
NCT00056472,28445632,2017,The Journal of clinical psychiatry,The Association of Baseline Suicidality With Treatment Outcome in Psychotic Depression.
NCT00056472,25919834,2015,The Journal of clinical psychiatry,Impaired insight into delusions predicts treatment outcome during a randomized controlled trial for Psychotic Depression (STOP-PD study).
NCT00056472,24229753,2013,The Journal of clinical psychiatry,A gender analysis of the study of pharmacotherapy of psychotic depression (STOP-PD): gender and age as predictors of response and treatment-associated changes in body mass index and metabolic measures.
NCT00056472,23799875,2014,Acta psychiatrica Scandinavica,Measuring psychotic depression.
NCT00056472,23642462,2014,The American journal of geriatric psychiatry : official journal of the American Association for Geriatric Psychiatry,Effect of sertraline on risk of falling in older adults with psychotic depression on olanzapine: results of a randomized placebo-controlled trial.
NCT00056472,23609383,2013,Journal of clinical psychopharmacology,The incidence of tardive dyskinesia in the study of pharmacotherapy for psychotic depression.
NCT00056472,22464991,2012,Psychiatry research,Factors associated with non-completion in a double-blind randomized controlled trial of olanzapine plus sertraline versus olanzapine plus placebo for psychotic depression.
NCT00056472,19652123,2009,Archives of general psychiatry,A double-blind randomized controlled trial of olanzapine plus sertraline vs olanzapine plus placebo for psychotic depression: the study of pharmacotherapy of psychotic depression (STOP-PD).
NCT00056472,18724788,2008,Suicide & life-threatening behavior,Correlates of suicidality among patients with psychotic depression.
NCT00056472,18408527,2008,International clinical psychopharmacology,Weight gain during olanzapine treatment for psychotic depression: effects of dose and age.
NCT00056472,18384244,2008,The Journal of clinical psychiatry,Missed diagnosis of psychotic depression at 4 academic medical centers.
NCT00056472,17335316,2007,The Journal of clinical psychiatry,Persisting low use of antipsychotics in the treatment of major depressive disorder with psychotic features.
NCT00602355,30447565,2019,Journal of affective disorders,A placebo controlled treatment trial of sertraline and interpersonal psychotherapy for postpartum depression.
NCT00485862,19969374,2010,Psychiatry research,Genetic polymorphisms in the treatment of depression: speculations from an augmentation study using atomoxetine.
NCT02901249,28832750,2018,"Revista brasileira de psiquiatria (Sao Paulo, Brazil : 1999)",Effectiveness evaluation of mood disorder treatment algorithms in Brazilian public healthcare patients.
NCT02493868,38557430,2024,CNS spectrums,Effects of esketamine nasal spray on depressive symptom severity in adults with treatment-resistant depression and associations between the Montgomery-Åsberg Depression Rating Scale and the 9-item Patient Health Questionnaire.
NCT02493868,37558912,2023,CNS drugs,Efficacy and Safety of Esketamine Nasal Spray in Patients with Treatment-Resistant Depression Who Completed a Second Induction Period: Analysis of the Ongoing SUSTAIN-3 Study.
NCT02493868,36149841,2022,The Journal of clinical psychiatry,Longitudinal Course of Adverse Events With Esketamine Nasal Spray: A Post Hoc Analysis of Pooled Data From Phase 3 Trials in Patients With Treatment-Resistant Depression.
NCT02493868,35022754,2022,The international journal of neuropsychopharmacology,Relationship Between Dissociation and Antidepressant Effects of Esketamine Nasal Spray in Patients With Treatment-Resistant Depression.
NCT02493868,34235612,2021,CNS drugs,"Effect of Esketamine Nasal Spray on Olfactory Function and Nasal Tolerability in Patients with Treatment-Resistant Depression: Results from Four Multicenter, Randomized, Double-Blind, Placebo-Controlled, Phase III Studies."
NCT02493868,32860422,2021,Clinical pharmacology and therapeutics,Benefit-Risk Assessment of Esketamine Nasal Spray vs. Placebo in Treatment-Resistant Depression.
NCT02493868,31166571,2019,JAMA psychiatry,Efficacy of Esketamine Nasal Spray Plus Oral Antidepressant Treatment for Relapse Prevention in Patients With Treatment-Resistant Depression: A Randomized Clinical Trial.
NCT00233103,19406291,2009,Archives of physical medicine and rehabilitation,A randomized controlled trial of sertraline for the treatment of depression in persons with traumatic brain injury.
NCT01028482,22401479,2012,The Journal of clinical psychiatry,"The effect of sertraline add-on to brief dynamic psychotherapy for the treatment of postpartum depression: a randomized, double-blind, placebo-controlled study."
NCT03978286,25690005,2015,Diabetes care,Cognitive Behavioral Therapy Versus Sertraline in Patients With Depression and Poorly Controlled Diabetes: The Diabetes and Depression (DAD) Study: A Randomized Controlled Multicenter Trial.
NCT03978286,30287230,2019,Primary care diabetes,"Impact of sertraline on weight, waist circumference and glycemic control: A prospective clinical trial on depressive diabetic type 2 patients."
NCT03978286,25628505,2015,P & T : a peer-reviewed journal for formulary management,Vortioxetine (brintellix): a new serotonergic antidepressant.
NCT03978286,29792585,2019,CNS spectrums,Assessment in Work Productivity and the Relationship with Cognitive Symptoms (AtWoRC): primary analysis from a Canadian open-label study of vortioxetine in patients with major depressive disorder (MDD).
NCT03978286,22973359,2011,Journal of research in medical sciences : the official journal of Isfahan University of Medical Sciences,"The effects of sertraline on blood lipids, glucose, insulin and HBA1C levels: A prospective clinical trial on depressive patients."
NCT03978286,25249164,2014,Current medical research and opinion,Relative efficacy and tolerability of vortioxetine versus selected antidepressants by indirect comparisons of similar clinical studies.
NCT03978286,25995125,2015,The lancet. Diabetes & endocrinology,Depression and diabetes: treatment and health-care delivery.
NCT03978286,26209859,2015,The international journal of neuropsychopharmacology,The Cognitive Effects of Antidepressants in Major Depressive Disorder: A Systematic Review and Meta-Analysis of Randomized Clinical Trials.
NCT03978286,31930057,2019,Annals of translational medicine,"Vortioxetine versus sertraline in metabolic control, distress and depression in Mexican patients with type 2 diabetes."
NCT00005013,11939866,2002,JAMA,Effect of Hypericum perforatum (St John's wort) in major depressive disorder: a randomized controlled trial.
NCT00005013,15876903,2005,Journal of clinical psychopharmacology,Hyperforin plasma level as a marker of treatment adherence in the National Institutes of Health Hypericum Depression Trial.
NCT00005013,25544195,2015,Asian journal of psychiatry,Association between physician beliefs regarding assigned treatment and clinical response: re-analysis of data from the Hypericum Depression Trial Study Group.
NCT00005013,24232445,2014,Psychopharmacology,The impact of missing data on clinical trials: a re-analysis of a placebo controlled trial of Hypericum perforatum (St Johns wort) and sertraline in major depressive disorder.
NCT00005013,22592504,2012,Pharmacopsychiatry,St John's wort (Hypericum perforatum) versus sertraline and placebo in major depressive disorder: continuation data from a 26-week RCT.
NCT00005013,22053942,2011,The Journal of clinical psychiatry,Association between patient beliefs regarding assigned treatment and clinical response: reanalysis of data from the Hypericum Depression Trial Study Group.
NCT00508859,18759650,2008,Journal of child and adolescent psychopharmacology,Maintenance study for adolescent depression.
NCT00624013,19729522,2009,Diabetes care,"Effect of pharmacological treatment of depression on A1C and quality of life in low-income Hispanics and African Americans with diabetes: a randomized, double-blind, placebo-controlled trial."
NCT02422186,34235612,2021,CNS drugs,"Effect of Esketamine Nasal Spray on Olfactory Function and Nasal Tolerability in Patients with Treatment-Resistant Depression: Results from Four Multicenter, Randomized, Double-Blind, Placebo-Controlled, Phase III Studies."
NCT02422186,33128208,2021,Clinical pharmacokinetics,Population Pharmacokinetics of Esketamine Nasal Spray and its Metabolite Noresketamine in Healthy Subjects and Patients with Treatment-Resistant Depression.
NCT02422186,32860422,2021,Clinical pharmacology and therapeutics,Benefit-Risk Assessment of Esketamine Nasal Spray vs. Placebo in Treatment-Resistant Depression.
NCT00302068,11020092,2000,Psychosomatic medicine,Exercise treatment for major depression: maintenance of therapeutic benefit at 10 months.
NCT00302068,10547175,1999,Archives of internal medicine,Effects of exercise training on older patients with major depression.
NCT00302068,15811982,2005,JAMA,Effects of exercise and stress management training on markers of cardiovascular risk in patients with ischemic heart disease: a randomized controlled trial.
NCT00302068,15626549,2005,American journal of preventive medicine,Exercise treatment for depression: efficacy and dose response.
NCT00302068,12392873,2002,Controlled clinical trials,The DOSE study: a clinical trial to examine efficacy and dose response of exercise as treatment for depression.
NCT00302068,15184688,2004,Psychosomatic medicine,"Depression as a risk factor for coronary artery disease: evidence, mechanisms, and treatment."
NCT00302068,22858387,2012,Journal of the American College of Cardiology,Exercise and pharmacological treatment of depressive symptoms in patients with coronary heart disease: results from the UPBEAT (Understanding the Prognostic Benefits of Exercise and Antidepressant Therapy) study.
NCT00666757,25080392,2014,Journal of affective disorders,"Application of the Gradient Boosted method in randomised clinical trials: Participant variables that contribute to depression treatment efficacy of duloxetine, SSRIs or placebo."
NCT00666757,22027844,2012,International clinical psychopharmacology,"A pragmatic 12-week, randomized trial of duloxetine versus generic selective serotonin-reuptake inhibitors in the treatment of adult outpatients in a moderate-to-severe depressive episode."
NCT00208702,22964160,2012,Journal of psychiatric research,The combination of triiodothyronine (T3) and sertraline is not superior to sertraline monotherapy in the treatment of major depressive disorder.
NCT00001483,2500425,1989,The Journal of clinical psychiatry,Seizures and bupropion: a review.
NCT00001483,7929019,1994,The Journal of clinical psychiatry,A double-blind trial of bupropion versus desipramine for bipolar depression.
NCT00001483,8279933,1994,Archives of general psychiatry,Lifetime and 12-month prevalence of DSM-III-R psychiatric disorders in the United States. Results from the National Comorbidity Survey.
NCT00835627,11914432,2002,Neurology,How many patients with psychogenic nonepileptic seizures also have epilepsy?
NCT00835627,12609316,2002,Epilepsy & behavior : E&B,Treatment of nonepileptic seizures.
NCT00835627,15186340,2004,Epilepsia,The treatment of nonepileptic seizures: historical perspectives and future directions.
NCT00835627,16150653,2005,Epilepsy & behavior : E&B,Update on treatments of psychological nonepileptic seizures.
NCT00835627,16540377,2006,Epilepsy & behavior : E&B,Nonepileptic seizures treatment workshop summary.
NCT00835627,16636265,2006,Neurology,Use of serum prolactin in diagnosing epileptic seizures: report of the Therapeutics and Technology Assessment Subcommittee of the American Academy of Neurology.
NCT00835627,16769930,2006,Neurology,Avoiding the costs of unrecognized psychological nonepileptic seizures.
NCT00835627,18070841,2007,The Journal of neuropsychiatry and clinical neurosciences,Methodological issues in conducting treatment trials for psychological nonepileptic seizures.
NCT00835627,18282812,2008,Epilepsy & behavior : E&B,"What is ""treatment as usual"" for nonepileptic seizures?"
NCT00835627,18317280,2008,Current opinion in neurology,Psychogenic nonepileptic seizures.
NCT00835627,24111933,2013,Epilepsia,Minimum requirements for the diagnosis of psychogenic nonepileptic seizures: a staged approach: a report from the International League Against Epilepsy Nonepileptic Seizures Task Force.
NCT00835627,23458467,2013,Epilepsia,Management of psychogenic nonepileptic seizures.
NCT00835627,23281644,2013,Epilepsia,Traumatic brain injury and psychogenic nonepileptic seizures yield worse outcomes.
NCT00835627,21299547,2011,Epilepsia,Impact of family functioning on quality of life in patients with psychogenic nonepileptic seizures versus epilepsy.
NCT00835627,24989152,2014,JAMA psychiatry,Multicenter pilot treatment trial for psychogenic nonepileptic seizures: a randomized clinical trial.
NCT00078286,20723799,2010,Journal of the American College of Cardiology,Safety and efficacy of sertraline for depression in patients with heart failure: results of the SADHART-CHF (Sertraline Against Depression and Heart Disease in Chronic Heart Failure) trial.
NCT00078286,26186432,2015,Psychosomatic medicine,Inflammation Markers and Major Depressive Disorder in Patients With Chronic Heart Failure: Results From the Sertraline Against Depression and Heart Disease in Chronic Heart Failure Study.
NCT00078286,20101071,2010,Journal of geriatric psychiatry and neurology,Metabolomic differences in heart failure patients with and without major depression.
NCT00078286,18760123,2008,American heart journal,"Safety and efficacy of sertraline for depression in patients with CHF (SADHART-CHF): a randomized, double-blind, placebo-controlled trial of sertraline for major depression with congestive heart failure."
NCT00116857,19843899,2009,JAMA,Omega-3 augmentation of sertraline in treatment of depression in patients with coronary heart disease: a randomized controlled trial.
NCT00116857,34817851,2021,The Cochrane database of systematic reviews,Omega-3 fatty acids for depression in adults.
NCT00116857,26930527,2016,The Journal of clinical psychiatry,Baseline blood levels of omega-3 and depression remission: a secondary analysis of data from a placebo-controlled trial of omega-3 supplements.
NCT00116857,21665007,2011,Journal of psychosomatic research,Inflammation and treatment response to sertraline in patients with coronary heart disease and comorbid major depression.
NCT00351910,26474010,2015,Journal of clinical psychopharmacology,Early Symptom Improvement as a Predictor of Response to Extended Release Quetiapine in Major Depressive Disorder.
NCT00351910,24816198,2014,The Journal of clinical psychiatry,Extended release quetiapine fumarate in patients with major depressive disorder: suicidality data from acute and maintenance studies.
NCT00351910,24175721,2013,Expert review of neurotherapeutics,Extended-release quetiapine fumarate in the treatment of patients with major depressive disorder: adjunct therapy.
NCT00351910,24108148,2014,International clinical psychopharmacology,Pooled analysis of adjunct extended-release quetiapine fumarate in patients with major depressive disorder according to ongoing SSRI or SNRI treatment.
NCT00351910,24067192,2014,CNS spectrums,Sexual functioning in patients with major depressive disorder in randomized placebo-controlled studies of extended release quetiapine fumarate.
NCT00351910,23672772,2013,The international journal of neuropsychopharmacology,Evaluation of adjunct extended-release quetiapine fumarate on sleep disturbance and quality in patients with major depressive disorder and an inadequate response to on-going antidepressant therapy.
NCT00351910,23497790,2013,Journal of affective disorders,Pooled analysis of sustained response rates for extended release quetiapine fumarate as monotherapy or adjunct to antidepressant therapy in patients with major depressive disorder.
NCT00351910,19358791,2009,The Journal of clinical psychiatry,"Extended-release quetiapine as adjunct to an antidepressant in patients with major depressive disorder: results of a randomized, placebo-controlled, double-blind study."
NCT01098318,25837277,2015,Phytomedicine : international journal of phytotherapy and phytopharmacology,Rhodiola rosea versus sertraline for major depressive disorder: A randomized placebo-controlled trial.
NCT01109693,29991347,2018,BMC medicine,"Optimising first- and second-line treatment strategies for untreated major depressive disorder - the SUN☺D study: a pragmatic, multi-centre, assessor-blinded randomised controlled trial."
NCT01109693,26466684,2015,Trials,Strategic use of new generation antidepressants for depression: SUN(^_^) D protocol update and statistical analysis plan.
NCT01109693,22682213,2012,Trials,The first 100 patients in the SUN(^_^)D trial (strategic use of new generation antidepressants for depression): examination of feasibility and adherence during the pilot phase.
NCT01109693,21569309,2011,Trials,Strategic use of new generation antidepressants for depression: SUN(^_^)D study protocol.
NCT00531518,26766751,2016,"Psychiatric services (Washington, D.C.)","Early Detection, Intervention and Prevention of Psychosis Program: Community Outreach and Early Identification at Six U.S. Sites."
NCT00531518,25065017,2015,Schizophrenia bulletin,Clinical and functional outcomes after 2 years in the early detection and intervention for the prevention of psychosis multisite effectiveness trial.
NCT00182078,15994712,2005,The American journal of psychiatry,"Pathways to PTSD, part I: Children with burns."
NCT00182078,11589526,2001,Journal of the American Academy of Child and Adolescent Psychiatry,Ten-year research review of physical injuries.
NCT00182078,11501691,2001,Journal of the American Academy of Child and Adolescent Psychiatry,Relationship between acute morphine and the course of PTSD in children with burns.
NCT00182078,11882804,2002,The Journal of burn care & rehabilitation,Treatment of pain in acutely burned children.
NCT00182078,12874500,2003,Journal of the American Academy of Child and Adolescent Psychiatry,Child Stress Disorders Checklist: a measure of ASD and PTSD in children.
NCT00182078,11379543,2001,Critical care medicine,"A new frontier: posttraumatic stress and its prevention, diagnosis, and treatment."
NCT00182078,16797442,2006,Child and adolescent psychiatric clinics of North America,Psychopharmacology in pediatric critical care.
NCT00182078,22040192,2011,Journal of child and adolescent psychopharmacology,A randomized controlled trial of sertraline to prevent posttraumatic stress disorder in burned children.
NCT00182078,38767196,2024,The Cochrane database of systematic reviews,Early pharmacological interventions for prevention of post-traumatic stress disorder (PTSD) in individuals experiencing acute traumatic stress symptoms.
NCT00182078,35141873,2022,The Cochrane database of systematic reviews,Early pharmacological interventions for universal prevention of post-traumatic stress disorder (PTSD).
NCT02655354,38287923,2024,Trauma surgery & acute care open,Can stepped collaborative care interventions improve post-traumatic stress disorder symptoms for racial and ethnic minority injury survivors?
NCT02655354,37085877,2023,Trials,Integrating pragmatic and implementation science randomized clinical trial approaches: a PRagmatic Explanatory Continuum Indicator Summary-2 (PRECIS-2) analysis.
NCT02655354,35979039,2022,Trauma surgery & acute care open,Post-traumatic stress disorder (PTSD) symptoms and alcohol and drug use comorbidity at 25 US level I trauma centers.
NCT02655354,34932440,2022,Psychiatry,A Pragmatic Clinical Trial Approach to Assessing and Monitoring Suicidal Ideation: Results from A National US Trauma Care System Study.
NCT02655354,34225296,2021,Annals of surgery,A Prospective US National Trauma Center Study of Firearm Injury Survivors Weapon Carriage and Posttraumatic Stress Disorder Symptoms.
NCT02655354,33688908,2021,JAMA surgery,Stepped Collaborative Care Targeting Posttraumatic Stress Disorder Symptoms and Comorbidity for US Trauma Care Systems: A Randomized Clinical Trial.
NCT02655354,27130272,2016,Implementation science : IS,An effectiveness-implementation hybrid trial study protocol targeting posttraumatic stress disorder and comorbidity.
NCT00179283,17196045,2006,The Journal of clinical psychiatry,"A randomized, double-blind, active-control study of sertraline versus venlafaxine XR in major depressive disorder."
NCT03779789,32746941,2020,Trials,"Tolerability and efficacy of vortioxetine versus SSRIs in elderly with major depression. Study protocol of the VESPA study: a pragmatic, multicentre, open-label, parallel-group, superiority, randomized trial."
NCT03779789,40679716,2025,Drugs & aging,Efficacy and Tolerability of Vortioxetine Versus Selective Serotonin Reuptake Inhibitors for Late-Life Depression: A Post-hoc Analysis of the VESPA Study.
NCT03779789,38384338,2024,EClinicalMedicine,"Tolerability of vortioxetine compared to selective serotonin reuptake inhibitors in older adults with major depressive disorder (VESPA): a randomised, assessor-blinded and statistician-blinded, multicentre, superiority trial."
NCT00331305,10547175,1999,Archives of internal medicine,Effects of exercise training on older patients with major depression.
NCT00331305,16223547,2005,Neurobiology of aging,Exercise training and depression in older adults.
NCT00331305,26867076,2016,Psychosomatic medicine,Effects of Exercise and Sertraline on Measures of Coronary Heart Disease Risk in Patients With Major Depression: Results From the SMILE-II Randomized Clinical Trial.
NCT00331305,21148807,2011,Psychosomatic medicine,Exercise and pharmacotherapy in patients with major depression: one-year follow-up of the SMILE study.
NCT00331305,17846259,2007,Psychosomatic medicine,Exercise and pharmacotherapy in the treatment of major depressive disorder.
NCT02955719,12053639,2002,Canadian family physician Medecin de famille canadien,Shared mental health care. Update from the Collaborative Working Group of the College of Family Physicians of Canada and the Canadian Psychiatric Association.
NCT00078767,17581445,2007,Journal of the American Academy of Child and Adolescent Psychiatry,A pilot randomized controlled trial of combined trauma-focused CBT and sertraline for childhood PTSD symptoms.
NCT00159965,15186340,2004,Epilepsia,The treatment of nonepileptic seizures: historical perspectives and future directions.
NCT00159965,11914432,2002,Neurology,How many patients with psychogenic nonepileptic seizures also have epilepsy?
NCT00159965,16540377,2006,Epilepsy & behavior : E&B,Nonepileptic seizures treatment workshop summary.
NCT00159965,16150653,2005,Epilepsy & behavior : E&B,Update on treatments of psychological nonepileptic seizures.
NCT00159965,18282812,2008,Epilepsy & behavior : E&B,"What is ""treatment as usual"" for nonepileptic seizures?"
NCT00159965,18317280,2008,Current opinion in neurology,Psychogenic nonepileptic seizures.
NCT00159965,12609316,2002,Epilepsy & behavior : E&B,Treatment of nonepileptic seizures.
NCT00159965,16769930,2006,Neurology,Avoiding the costs of unrecognized psychological nonepileptic seizures.
NCT00159965,18070841,2007,The Journal of neuropsychiatry and clinical neurosciences,Methodological issues in conducting treatment trials for psychological nonepileptic seizures.
NCT00159965,19652140,2009,Neurology,Depression and symptoms affect quality of life in psychogenic nonepileptic seizures.
NCT00159965,20739647,2010,Neurology,Pilot pharmacologic randomized controlled trial for psychogenic nonepileptic seizures.
NCT00057642,23965261,2013,Psychiatry,Impact of motivational pharmacotherapy on treatment retention among depressed Latinos.
NCT00339066,18813343,2008,PloS one,Frontal white matter anisotropy and antidepressant remission in late-life depression.
NCT00229476,11772700,2002,The American journal of psychiatry,Changes in brain function of depressed subjects during treatment with placebo.
NCT00229476,12062912,2002,Neuropsychopharmacology : official publication of the American College of Neuropsychopharmacology,Early changes in prefrontal activity characterize clinical responders to antidepressants.
NCT00229476,15252704,2004,Psychopharmacology,Pretreatment neurophysiological and clinical characteristics of placebo responders in treatment trials for major depression.
NCT05588102,10513852,1999,The Journal of clinical psychiatry,Epidemiology and diagnosis of depression in late life.
NCT05588102,30658276,2019,European psychiatry : the journal of the Association of European Psychiatrists,Prevalence of late-life depression and gap in mental health service use across European regions.
NCT05588102,30611911,2019,Journal of affective disorders,The prevalence of late-life depression in a Portuguese community sample: A 10/66 Dementia Research Group study.
NCT05588102,30142588,2018,Journal of affective disorders,Prevalence of major depressive disorder in older adults in China: A systematic review and meta-analysis.
NCT05588102,22940498,2012,Journal of affective disorders,Incidence of late-life depression: a systematic review.
NCT05588102,39587504,2024,BMC psychiatry,"Efficacy and safety of Neurocognitive Adaptive Training for Depression combined with SSRIs for treating cognitive impairment among patients with late-life depression: a 12-week, randomized controlled study."
NCT00536198,18395582,2008,"Lancet (London, England)",Premenstrual syndrome.
NCT00536198,18328013,2008,Journal of women's health (2002),Development and validation of the Premenstrual Symptoms Impact Survey (PMSIS): a disease-specific quality of life assessment tool.
NCT00536198,17937566,2007,Journal of women's health (2002),Differences in symptom scores and health outcomes in premenstrual syndrome.
NCT00536198,17470584,2007,Obstetrics and gynecology,Using the daily record of severity of problems as a screening instrument for premenstrual syndrome.
NCT00536198,17454164,2007,Gynecological endocrinology : the official journal of the International Society of Gynecological Endocrinology,Clinical diagnostic criteria for premenstrual syndrome and guidelines for their quantification for research studies.
NCT00536198,22393222,2012,Archives of general psychiatry,Criteria for premenstrual dysphoric disorder: secondary analyses of relevant data sets.
NCT00536198,37212651,2023,Journal of clinical psychopharmacology,Does Symptom-Onset Treatment With Sertraline Improve Functional Impairment for Individuals With Premenstrual Dysphoric Disorder?: A Randomized Controlled Trial.
NCT00536198,26351969,2015,JAMA psychiatry,Symptom-Onset Dosing of Sertraline for the Treatment of Premenstrual Dysphoric Disorder: A Randomized Clinical Trial.
